Sample in Buffer,Sample in Window,TRIGGER,u_stress/agent_00/rx_tdest_dbg[3:0],u_stress/agent_00/rx_vc0_cnt[31:0],u_stress/agent_00/rx_vc1_cnt[31:0],u_stress/agent_00/rx_err_cnt[31:0],u_stress/agent_00/state_dbg[1:0],u_stress/agent_00/tx_flit_cnt[31:0],u_stress/agent_00/tx_stall_cnt[31:0],u_stress/agent_00/test_done
Radix - UNSIGNED,UNSIGNED,UNSIGNED,HEX,HEX,HEX,HEX,HEX,HEX,HEX,HEX
0,0,0,0,0025c0e1,0025c0e0,00000000,1,004b8335,001e341a,0
1,1,0,0,0025c0e1,0025c0e0,00000000,1,004b8336,001e341a,0
2,2,0,0,0025c0e2,0025c0e0,00000000,1,004b8337,001e341a,0
3,3,0,0,0025c0e2,0025c0e0,00000000,1,004b8338,001e341a,0
4,4,0,0,0025c0e3,0025c0e0,00000000,1,004b8339,001e341a,0
5,5,0,0,0025c0e4,0025c0e0,00000000,1,004b833a,001e341a,0
6,6,0,0,0025c0e5,0025c0e0,00000000,1,004b833b,001e341a,0
7,7,0,0,0025c0e6,0025c0e0,00000000,1,004b833c,001e341a,0
8,8,0,0,0025c0e6,0025c0e0,00000000,1,004b833d,001e341a,0
9,9,0,0,0025c0e7,0025c0e0,00000000,1,004b833e,001e341a,0
10,10,0,0,0025c0e8,0025c0e0,00000000,1,004b833f,001e341a,0
11,11,0,0,0025c0e9,0025c0e0,00000000,1,004b8340,001e341a,0
12,12,0,0,0025c0e9,0025c0e0,00000000,1,004b8341,001e341a,0
13,13,0,0,0025c0e9,0025c0e0,00000000,1,004b8342,001e341a,0
14,14,0,0,0025c0ea,0025c0e0,00000000,1,004b8343,001e341a,0
15,15,0,0,0025c0eb,0025c0e0,00000000,1,004b8343,001e341b,0
16,16,0,0,0025c0ec,0025c0e0,00000000,1,004b8343,001e341c,0
17,17,0,0,0025c0ed,0025c0e0,00000000,1,004b8343,001e341d,0
18,18,0,0,0025c0ed,0025c0e0,00000000,1,004b8343,001e341e,0
19,19,0,0,0025c0ee,0025c0e0,00000000,1,004b8343,001e341f,0
20,20,0,0,0025c0ef,0025c0e0,00000000,1,004b8343,001e3420,0
21,21,0,0,0025c0f0,0025c0e0,00000000,1,004b8343,001e3421,0
22,22,0,0,0025c0f0,0025c0e1,00000000,1,004b8343,001e3422,0
23,23,0,0,0025c0f0,0025c0e1,00000000,1,004b8343,001e3423,0
24,24,0,0,0025c0f0,0025c0e2,00000000,1,004b8344,001e3423,0
25,25,0,0,0025c0f0,0025c0e2,00000000,1,004b8345,001e3423,0
26,26,0,0,0025c0f0,0025c0e3,00000000,1,004b8345,001e3424,0
27,27,0,0,0025c0f0,0025c0e4,00000000,1,004b8346,001e3424,0
28,28,0,0,0025c0f0,0025c0e4,00000000,1,004b8346,001e3425,0
29,29,0,0,0025c0f0,0025c0e5,00000000,1,004b8347,001e3425,0
30,30,0,0,0025c0f0,0025c0e6,00000000,1,004b8348,001e3425,0
31,31,0,0,0025c0f0,0025c0e7,00000000,1,004b8348,001e3426,0
32,32,0,0,0025c0f0,0025c0e8,00000000,1,004b8349,001e3426,0
33,33,0,0,0025c0f0,0025c0e8,00000000,1,004b834a,001e3426,0
34,34,0,0,0025c0f0,0025c0e9,00000000,1,004b834b,001e3426,0
35,35,0,0,0025c0f0,0025c0ea,00000000,1,004b834c,001e3426,0
36,36,0,0,0025c0f0,0025c0ea,00000000,1,004b834c,001e3427,0
37,37,0,0,0025c0f0,0025c0eb,00000000,1,004b834d,001e3427,0
38,38,0,0,0025c0f0,0025c0eb,00000000,1,004b834e,001e3427,0
39,39,0,0,0025c0f0,0025c0ec,00000000,1,004b834f,001e3427,0
40,40,0,0,0025c0f0,0025c0ed,00000000,1,004b834f,001e3428,0
41,41,0,0,0025c0f0,0025c0ee,00000000,1,004b834f,001e3429,0
42,42,0,0,0025c0f0,0025c0ef,00000000,1,004b834f,001e342a,0
43,43,0,0,0025c0f0,0025c0ef,00000000,1,004b834f,001e342b,0
44,44,0,0,0025c0f0,0025c0f0,00000000,1,004b8350,001e342b,0
45,45,0,0,0025c0f1,0025c0f0,00000000,1,004b8351,001e342b,0
46,46,0,0,0025c0f2,0025c0f0,00000000,1,004b8352,001e342b,0
47,47,0,0,0025c0f2,0025c0f0,00000000,1,004b8353,001e342b,0
48,48,0,0,0025c0f2,0025c0f0,00000000,1,004b8354,001e342b,0
49,49,0,0,0025c0f3,0025c0f0,00000000,1,004b8355,001e342b,0
50,50,0,0,0025c0f4,0025c0f0,00000000,1,004b8356,001e342b,0
51,51,0,0,0025c0f5,0025c0f0,00000000,1,004b8357,001e342b,0
52,52,0,0,0025c0f6,0025c0f0,00000000,1,004b8358,001e342b,0
53,53,0,0,0025c0f6,0025c0f0,00000000,1,004b8359,001e342b,0
54,54,0,0,0025c0f7,0025c0f0,00000000,1,004b835a,001e342b,0
55,55,0,0,0025c0f8,0025c0f0,00000000,1,004b835b,001e342b,0
56,56,0,0,0025c0f9,0025c0f0,00000000,1,004b835c,001e342b,0
57,57,0,0,0025c0fa,0025c0f0,00000000,1,004b835d,001e342b,0
58,58,0,0,0025c0fa,0025c0f0,00000000,1,004b835e,001e342b,0
59,59,0,0,0025c0fa,0025c0f0,00000000,1,004b835f,001e342b,0
60,60,0,0,0025c0fb,0025c0f0,00000000,1,004b8360,001e342b,0
61,61,0,0,0025c0fc,0025c0f0,00000000,1,004b8361,001e342b,0
62,62,0,0,0025c0fd,0025c0f0,00000000,1,004b8362,001e342b,0
63,63,0,0,0025c0fd,0025c0f0,00000000,1,004b8363,001e342b,0
64,64,0,0,0025c0fe,0025c0f0,00000000,1,004b8364,001e342b,0
65,65,0,0,0025c0ff,0025c0f0,00000000,1,004b8365,001e342b,0
66,66,0,0,0025c100,0025c0f0,00000000,1,004b8366,001e342b,0
67,67,0,0,0025c100,0025c0f1,00000000,1,004b8366,001e342c,0
68,68,0,0,0025c100,0025c0f1,00000000,1,004b8366,001e342d,0
69,69,0,0,0025c100,0025c0f2,00000000,1,004b8366,001e342e,0
70,70,0,0,0025c100,0025c0f3,00000000,1,004b8366,001e342f,0
71,71,0,0,0025c100,0025c0f3,00000000,1,004b8366,001e3430,0
72,72,0,0,0025c100,0025c0f4,00000000,1,004b8366,001e3431,0
73,73,0,0,0025c100,0025c0f4,00000000,1,004b8367,001e3431,0
74,74,0,0,0025c100,0025c0f5,00000000,1,004b8367,001e3432,0
75,75,0,0,0025c100,0025c0f6,00000000,1,004b8368,001e3432,0
76,76,0,0,0025c100,0025c0f7,00000000,1,004b8368,001e3433,0
77,77,0,0,0025c100,0025c0f8,00000000,1,004b8369,001e3433,0
78,78,0,0,0025c100,0025c0f8,00000000,1,004b836a,001e3433,0
79,79,0,0,0025c100,0025c0f9,00000000,1,004b836b,001e3433,0
80,80,0,0,0025c100,0025c0fa,00000000,1,004b836c,001e3433,0
81,81,0,0,0025c100,0025c0fb,00000000,1,004b836c,001e3434,0
82,82,0,0,0025c100,0025c0fb,00000000,1,004b836d,001e3434,0
83,83,0,0,0025c100,0025c0fb,00000000,1,004b836e,001e3434,0
84,84,0,0,0025c100,0025c0fc,00000000,1,004b836f,001e3434,0
85,85,0,0,0025c100,0025c0fd,00000000,1,004b8370,001e3434,0
86,86,0,0,0025c100,0025c0fe,00000000,1,004b8371,001e3434,0
87,87,0,0,0025c100,0025c0ff,00000000,1,004b8372,001e3434,0
88,88,0,0,0025c100,0025c0ff,00000000,1,004b8373,001e3434,0
89,89,0,0,0025c100,0025c100,00000000,1,004b8374,001e3434,0
90,90,0,0,0025c101,0025c100,00000000,1,004b8375,001e3434,0
91,91,0,0,0025c102,0025c100,00000000,1,004b8376,001e3434,0
92,92,0,0,0025c103,0025c100,00000000,1,004b8377,001e3434,0
93,93,0,0,0025c103,0025c100,00000000,1,004b8378,001e3434,0
94,94,0,0,0025c103,0025c100,00000000,1,004b8379,001e3434,0
95,95,0,0,0025c104,0025c100,00000000,1,004b837a,001e3434,0
96,96,0,0,0025c105,0025c100,00000000,1,004b837b,001e3434,0
97,97,0,0,0025c106,0025c100,00000000,1,004b837c,001e3434,0
98,98,0,0,0025c106,0025c100,00000000,1,004b837d,001e3434,0
99,99,0,0,0025c107,0025c100,00000000,1,004b837e,001e3434,0
100,100,0,0,0025c108,0025c100,00000000,1,004b837f,001e3434,0
101,101,0,0,0025c109,0025c100,00000000,1,004b8380,001e3434,0
102,102,0,0,0025c10a,0025c100,00000000,1,004b8381,001e3434,0
103,103,0,0,0025c10a,0025c100,00000000,1,004b8382,001e3434,0
104,104,0,0,0025c10b,0025c100,00000000,1,004b8383,001e3434,0
105,105,0,0,0025c10c,0025c100,00000000,1,004b8383,001e3435,0
106,106,0,0,0025c10c,0025c100,00000000,1,004b8383,001e3436,0
107,107,0,0,0025c10d,0025c100,00000000,1,004b8383,001e3437,0
108,108,0,0,0025c10d,0025c100,00000000,1,004b8383,001e3438,0
109,109,0,0,0025c10e,0025c100,00000000,1,004b8383,001e3439,0
110,110,0,0,0025c10f,0025c100,00000000,1,004b8383,001e343a,0
111,111,0,0,0025c110,0025c100,00000000,1,004b8383,001e343b,0
112,112,0,0,0025c110,0025c101,00000000,1,004b8383,001e343c,0
113,113,0,0,0025c110,0025c101,00000000,1,004b8383,001e343d,0
114,114,0,0,0025c110,0025c102,00000000,1,004b8384,001e343d,0
115,115,0,0,0025c110,0025c103,00000000,1,004b8385,001e343d,0
116,116,0,0,0025c110,0025c104,00000000,1,004b8385,001e343e,0
117,117,0,0,0025c110,0025c104,00000000,1,004b8386,001e343e,0
118,118,0,0,0025c110,0025c104,00000000,1,004b8387,001e343e,0
119,119,0,0,0025c110,0025c105,00000000,1,004b8388,001e343e,0
120,120,0,0,0025c110,0025c106,00000000,1,004b8389,001e343e,0
121,121,0,0,0025c110,0025c107,00000000,1,004b8389,001e343f,0
122,122,0,0,0025c110,0025c108,00000000,1,004b838a,001e343f,0
123,123,0,0,0025c110,0025c108,00000000,1,004b838b,001e343f,0
124,124,0,0,0025c110,0025c109,00000000,1,004b838c,001e343f,0
125,125,0,0,0025c110,0025c10a,00000000,1,004b838d,001e343f,0
126,126,0,0,0025c110,0025c10b,00000000,1,004b838d,001e3440,0
127,127,0,0,0025c110,0025c10c,00000000,1,004b838e,001e3440,0
128,128,0,0,0025c110,0025c10c,00000000,1,004b838f,001e3440,0
129,129,0,0,0025c110,0025c10c,00000000,1,004b838f,001e3441,0
130,130,0,0,0025c110,0025c10d,00000000,1,004b838f,001e3442,0
131,131,0,0,0025c110,0025c10e,00000000,1,004b838f,001e3443,0
132,132,0,0,0025c110,0025c10f,00000000,1,004b838f,001e3444,0
133,133,0,0,0025c110,0025c10f,00000000,1,004b8390,001e3444,0
134,134,0,0,0025c110,0025c110,00000000,1,004b8391,001e3444,0
135,135,0,0,0025c111,0025c110,00000000,1,004b8392,001e3444,0
136,136,0,0,0025c112,0025c110,00000000,1,004b8393,001e3444,0
137,137,0,0,0025c113,0025c110,00000000,1,004b8394,001e3444,0
138,138,0,0,0025c113,0025c110,00000000,1,004b8395,001e3444,0
139,139,0,0,0025c114,0025c110,00000000,1,004b8396,001e3444,0
140,140,0,0,0025c115,0025c110,00000000,1,004b8397,001e3444,0
141,141,0,0,0025c115,0025c110,00000000,1,004b8398,001e3444,0
142,142,0,0,0025c116,0025c110,00000000,1,004b8399,001e3444,0
143,143,0,0,0025c116,0025c110,00000000,1,004b839a,001e3444,0
144,144,0,0,0025c117,0025c110,00000000,1,004b839b,001e3444,0
145,145,0,0,0025c118,0025c110,00000000,1,004b839c,001e3444,0
146,146,0,0,0025c119,0025c110,00000000,1,004b839d,001e3444,0
147,147,0,0,0025c11a,0025c110,00000000,1,004b839e,001e3444,0
148,148,0,0,0025c11a,0025c110,00000000,1,004b839f,001e3444,0
149,149,0,0,0025c11b,0025c110,00000000,1,004b83a0,001e3444,0
150,150,0,0,0025c11c,0025c110,00000000,1,004b83a1,001e3444,0
151,151,0,0,0025c11d,0025c110,00000000,1,004b83a2,001e3444,0
152,152,0,0,0025c11d,0025c110,00000000,1,004b83a3,001e3444,0
153,153,0,0,0025c11d,0025c110,00000000,1,004b83a4,001e3444,0
154,154,0,0,0025c11e,0025c110,00000000,1,004b83a5,001e3444,0
155,155,0,0,0025c11f,0025c110,00000000,1,004b83a6,001e3444,0
156,156,0,0,0025c120,0025c110,00000000,1,004b83a6,001e3445,0
157,157,0,0,0025c120,0025c111,00000000,1,004b83a6,001e3446,0
158,158,0,0,0025c120,0025c111,00000000,1,004b83a6,001e3447,0
159,159,0,0,0025c120,0025c112,00000000,1,004b83a6,001e3448,0
160,160,0,0,0025c120,0025c113,00000000,1,004b83a6,001e3449,0
161,161,0,0,0025c120,0025c114,00000000,1,004b83a6,001e344a,0
162,162,0,0,0025c120,0025c115,00000000,1,004b83a6,001e344b,0
163,163,0,0,0025c120,0025c115,00000000,1,004b83a7,001e344b,0
164,164,0,0,0025c120,0025c116,00000000,1,004b83a8,001e344b,0
165,165,0,0,0025c120,0025c116,00000000,1,004b83a9,001e344b,0
166,166,0,0,0025c120,0025c117,00000000,1,004b83a9,001e344c,0
167,167,0,0,0025c120,0025c118,00000000,1,004b83aa,001e344c,0
168,168,0,0,0025c120,0025c118,00000000,1,004b83ab,001e344c,0
169,169,0,0,0025c120,0025c119,00000000,1,004b83ab,001e344d,0
170,170,0,0,0025c120,0025c11a,00000000,1,004b83ac,001e344d,0
171,171,0,0,0025c120,0025c11b,00000000,1,004b83ac,001e344e,0
172,172,0,0,0025c120,0025c11c,00000000,1,004b83ad,001e344e,0
173,173,0,0,0025c120,0025c11c,00000000,1,004b83ae,001e344e,0
174,174,0,0,0025c120,0025c11d,00000000,1,004b83af,001e344e,0
175,175,0,0,0025c120,0025c11e,00000000,1,004b83b0,001e344e,0
176,176,0,0,0025c120,0025c11e,00000000,1,004b83b1,001e344e,0
177,177,0,0,0025c120,0025c11f,00000000,1,004b83b2,001e344e,0
178,178,0,0,0025c120,0025c11f,00000000,1,004b83b3,001e344e,0
179,179,0,0,0025c120,0025c120,00000000,1,004b83b4,001e344e,0
180,180,0,0,0025c121,0025c120,00000000,1,004b83b5,001e344e,0
181,181,0,0,0025c122,0025c120,00000000,1,004b83b6,001e344e,0
182,182,0,0,0025c123,0025c120,00000000,1,004b83b7,001e344e,0
183,183,0,0,0025c123,0025c120,00000000,1,004b83b8,001e344e,0
184,184,0,0,0025c124,0025c120,00000000,1,004b83b9,001e344e,0
185,185,0,0,0025c125,0025c120,00000000,1,004b83ba,001e344e,0
186,186,0,0,0025c126,0025c120,00000000,1,004b83bb,001e344e,0
187,187,0,0,0025c126,0025c120,00000000,1,004b83bc,001e344e,0
188,188,0,0,0025c126,0025c120,00000000,1,004b83bd,001e344e,0
189,189,0,0,0025c127,0025c120,00000000,1,004b83be,001e344e,0
190,190,0,0,0025c128,0025c120,00000000,1,004b83bf,001e344e,0
191,191,0,0,0025c129,0025c120,00000000,1,004b83c0,001e344e,0
192,192,0,0,0025c12a,0025c120,00000000,1,004b83c1,001e344e,0
193,193,0,0,0025c12a,0025c120,00000000,1,004b83c2,001e344e,0
194,194,0,0,0025c12b,0025c120,00000000,1,004b83c3,001e344e,0
195,195,0,0,0025c12c,0025c120,00000000,1,004b83c3,001e344f,0
196,196,0,0,0025c12d,0025c120,00000000,1,004b83c3,001e3450,0
197,197,0,0,0025c12e,0025c120,00000000,1,004b83c3,001e3451,0
198,198,0,0,0025c12e,0025c120,00000000,1,004b83c3,001e3452,0
199,199,0,0,0025c12e,0025c120,00000000,1,004b83c3,001e3453,0
200,200,0,0,0025c12f,0025c120,00000000,1,004b83c3,001e3454,0
201,201,0,0,0025c130,0025c120,00000000,1,004b83c3,001e3455,0
202,202,0,0,0025c130,0025c121,00000000,1,004b83c3,001e3456,0
203,203,0,0,0025c130,0025c121,00000000,1,004b83c3,001e3457,0
204,204,0,0,0025c130,0025c122,00000000,1,004b83c4,001e3457,0
205,205,0,0,0025c130,0025c123,00000000,1,004b83c5,001e3457,0
206,206,0,0,0025c130,0025c124,00000000,1,004b83c5,001e3458,0
207,207,0,0,0025c130,0025c125,00000000,1,004b83c6,001e3458,0
208,208,0,0,0025c130,0025c125,00000000,1,004b83c7,001e3458,0
209,209,0,0,0025c130,0025c126,00000000,1,004b83c8,001e3458,0
210,210,0,0,0025c130,0025c127,00000000,1,004b83c9,001e3458,0
211,211,0,0,0025c130,0025c127,00000000,1,004b83c9,001e3459,0
212,212,0,0,0025c130,0025c128,00000000,1,004b83ca,001e3459,0
213,213,0,0,0025c130,0025c128,00000000,1,004b83cb,001e3459,0
214,214,0,0,0025c130,0025c129,00000000,1,004b83cc,001e3459,0
215,215,0,0,0025c130,0025c12a,00000000,1,004b83cd,001e3459,0
216,216,0,0,0025c130,0025c12b,00000000,1,004b83cd,001e345a,0
217,217,0,0,0025c130,0025c12c,00000000,1,004b83ce,001e345a,0
218,218,0,0,0025c130,0025c12c,00000000,1,004b83cf,001e345a,0
219,219,0,0,0025c130,0025c12d,00000000,1,004b83d0,001e345a,0
220,220,0,0,0025c130,0025c12e,00000000,1,004b83d1,001e345a,0
221,221,0,0,0025c130,0025c12f,00000000,1,004b83d2,001e345a,0
222,222,0,0,0025c130,0025c12f,00000000,1,004b83d3,001e345a,0
223,223,0,0,0025c130,0025c12f,00000000,1,004b83d4,001e345a,0
224,224,0,0,0025c130,0025c130,00000000,1,004b83d5,001e345a,0
225,225,0,0,0025c131,0025c130,00000000,1,004b83d6,001e345a,0
226,226,0,0,0025c132,0025c130,00000000,1,004b83d7,001e345a,0
227,227,0,0,0025c133,0025c130,00000000,1,004b83d8,001e345a,0
228,228,0,0,0025c133,0025c130,00000000,1,004b83d9,001e345a,0
229,229,0,0,0025c134,0025c130,00000000,1,004b83da,001e345a,0
230,230,0,0,0025c135,0025c130,00000000,1,004b83db,001e345a,0
231,231,0,0,0025c136,0025c130,00000000,1,004b83dc,001e345a,0
232,232,0,0,0025c137,0025c130,00000000,1,004b83dd,001e345a,0
233,233,0,0,0025c137,0025c130,00000000,1,004b83de,001e345a,0
234,234,0,0,0025c137,0025c130,00000000,1,004b83df,001e345a,0
235,235,0,0,0025c138,0025c130,00000000,1,004b83e0,001e345a,0
236,236,0,0,0025c139,0025c130,00000000,1,004b83e1,001e345a,0
237,237,0,0,0025c13a,0025c130,00000000,1,004b83e2,001e345a,0
238,238,0,0,0025c13a,0025c130,00000000,1,004b83e3,001e345a,0
239,239,0,0,0025c13b,0025c130,00000000,1,004b83e3,001e345b,0
240,240,0,0,0025c13c,0025c130,00000000,1,004b83e3,001e345c,0
241,241,0,0,0025c13d,0025c130,00000000,1,004b83e3,001e345d,0
242,242,0,0,0025c13e,0025c130,00000000,1,004b83e3,001e345e,0
243,243,0,0,0025c13e,0025c130,00000000,1,004b83e3,001e345f,0
244,244,0,0,0025c13f,0025c130,00000000,1,004b83e3,001e3460,0
245,245,0,0,0025c140,0025c130,00000000,1,004b83e3,001e3461,0
246,246,0,0,0025c140,0025c130,00000000,1,004b83e3,001e3462,0
247,247,0,0,0025c140,0025c131,00000000,1,004b83e3,001e3463,0
248,248,0,0,0025c140,0025c131,00000000,1,004b83e4,001e3463,0
249,249,0,0,0025c140,0025c132,00000000,1,004b83e5,001e3463,0
250,250,0,0,0025c140,0025c133,00000000,1,004b83e6,001e3463,0
251,251,0,0,0025c140,0025c134,00000000,1,004b83e6,001e3464,0
252,252,0,0,0025c140,0025c135,00000000,1,004b83e6,001e3465,0
253,253,0,0,0025c140,0025c135,00000000,1,004b83e7,001e3465,0
254,254,0,0,0025c140,0025c136,00000000,1,004b83e8,001e3465,0
255,255,0,0,0025c140,0025c137,00000000,1,004b83e9,001e3465,0
256,256,0,0,0025c140,0025c138,00000000,1,004b83e9,001e3466,0
257,257,0,0,0025c140,0025c138,00000000,1,004b83ea,001e3466,0
258,258,0,0,0025c140,0025c138,00000000,1,004b83eb,001e3466,0
259,259,0,0,0025c140,0025c139,00000000,1,004b83ec,001e3466,0
260,260,0,0,0025c140,0025c13a,00000000,1,004b83ed,001e3466,0
261,261,0,0,0025c140,0025c13b,00000000,1,004b83ed,001e3467,0
262,262,0,0,0025c140,0025c13c,00000000,1,004b83ee,001e3467,0
263,263,0,0,0025c140,0025c13c,00000000,1,004b83ef,001e3467,0
264,264,0,0,0025c140,0025c13d,00000000,1,004b83ef,001e3468,0
265,265,0,0,0025c140,0025c13e,00000000,1,004b83ef,001e3469,0
266,266,0,0,0025c140,0025c13f,00000000,1,004b83ef,001e346a,0
267,267,0,0,0025c140,0025c140,00000000,1,004b83ef,001e346b,0
268,268,0,0,0025c140,0025c140,00000000,1,004b83f0,001e346b,0
269,269,0,0,0025c140,0025c140,00000000,1,004b83f1,001e346b,0
270,270,0,0,0025c141,0025c140,00000000,1,004b83f2,001e346b,0
271,271,0,0,0025c142,0025c140,00000000,1,004b83f3,001e346b,0
272,272,0,0,0025c143,0025c140,00000000,1,004b83f4,001e346b,0
273,273,0,0,0025c143,0025c140,00000000,1,004b83f5,001e346b,0
274,274,0,0,0025c144,0025c140,00000000,1,004b83f6,001e346b,0
275,275,0,0,0025c145,0025c140,00000000,1,004b83f7,001e346b,0
276,276,0,0,0025c146,0025c140,00000000,1,004b83f8,001e346b,0
277,277,0,0,0025c147,0025c140,00000000,1,004b83f9,001e346b,0
278,278,0,0,0025c147,0025c140,00000000,1,004b83fa,001e346b,0
279,279,0,0,0025c148,0025c140,00000000,1,004b83fb,001e346b,0
280,280,0,0,0025c149,0025c140,00000000,1,004b83fc,001e346b,0
281,281,0,0,0025c149,0025c140,00000000,1,004b83fd,001e346b,0
282,282,0,0,0025c14a,0025c140,00000000,1,004b83fe,001e346b,0
283,283,0,0,0025c14a,0025c140,00000000,1,004b83ff,001e346b,0
284,284,0,0,0025c14b,0025c140,00000000,1,004b8400,001e346b,0
285,285,0,0,0025c14c,0025c140,00000000,1,004b8401,001e346b,0
286,286,0,0,0025c14d,0025c140,00000000,1,004b8402,001e346b,0
287,287,0,0,0025c14e,0025c140,00000000,1,004b8403,001e346b,0
288,288,0,0,0025c14e,0025c140,00000000,1,004b8404,001e346b,0
289,289,0,0,0025c14f,0025c140,00000000,1,004b8405,001e346b,0
290,290,0,0,0025c150,0025c140,00000000,1,004b8406,001e346b,0
291,291,0,0,0025c150,0025c141,00000000,1,004b8406,001e346c,0
292,292,0,0,0025c150,0025c141,00000000,1,004b8406,001e346d,0
293,293,0,0,0025c150,0025c141,00000000,1,004b8406,001e346e,0
294,294,0,0,0025c150,0025c142,00000000,1,004b8406,001e346f,0
295,295,0,0,0025c150,0025c143,00000000,1,004b8406,001e3470,0
296,296,0,0,0025c150,0025c144,00000000,1,004b8406,001e3471,0
297,297,0,0,0025c150,0025c145,00000000,1,004b8406,001e3472,0
298,298,0,0,0025c150,0025c145,00000000,1,004b8407,001e3472,0
299,299,0,0,0025c150,0025c146,00000000,1,004b8408,001e3472,0
300,300,0,0,0025c150,0025c147,00000000,1,004b8409,001e3472,0
301,301,0,0,0025c150,0025c148,00000000,1,004b8409,001e3473,0
302,302,0,0,0025c150,0025c149,00000000,1,004b840a,001e3473,0
303,303,0,0,0025c150,0025c149,00000000,1,004b840b,001e3473,0
304,304,0,0,0025c150,0025c14a,00000000,1,004b840c,001e3473,0
305,305,0,0,0025c150,0025c14a,00000000,1,004b840d,001e3473,0
306,306,0,0,0025c150,0025c14b,00000000,1,004b840d,001e3474,0
307,307,0,0,0025c150,0025c14c,00000000,1,004b840e,001e3474,0
308,308,0,0,0025c150,0025c14c,00000000,1,004b840f,001e3474,0
309,309,0,0,0025c150,0025c14d,00000000,1,004b8410,001e3474,0
310,310,0,0,0025c150,0025c14e,00000000,1,004b8411,001e3474,0
311,311,0,0,0025c150,0025c14f,00000000,1,004b8412,001e3474,0
312,312,0,0,0025c150,0025c150,00000000,1,004b8413,001e3474,0
313,313,0,0,0025c150,0025c150,00000000,1,004b8414,001e3474,0
314,314,0,0,0025c151,0025c150,00000000,1,004b8415,001e3474,0
315,315,0,0,0025c152,0025c150,00000000,1,004b8416,001e3474,0
316,316,0,0,0025c152,0025c150,00000000,1,004b8417,001e3474,0
317,317,0,0,0025c153,0025c150,00000000,1,004b8418,001e3474,0
318,318,0,0,0025c153,0025c150,00000000,1,004b8419,001e3474,0
319,319,0,0,0025c154,0025c150,00000000,1,004b841a,001e3474,0
320,320,0,0,0025c155,0025c150,00000000,1,004b841b,001e3474,0
321,321,0,0,0025c156,0025c150,00000000,1,004b841c,001e3474,0
322,322,0,0,0025c157,0025c150,00000000,1,004b841d,001e3474,0
323,323,0,0,0025c157,0025c150,00000000,1,004b841e,001e3474,0
324,324,0,0,0025c158,0025c150,00000000,1,004b841f,001e3474,0
325,325,0,0,0025c159,0025c150,00000000,1,004b8420,001e3474,0
326,326,0,0,0025c15a,0025c150,00000000,1,004b8421,001e3474,0
327,327,0,0,0025c15a,0025c150,00000000,1,004b8422,001e3474,0
328,328,0,0,0025c15a,0025c150,00000000,1,004b8423,001e3474,0
329,329,0,0,0025c15b,0025c150,00000000,1,004b8423,001e3475,0
330,330,0,0,0025c15c,0025c150,00000000,1,004b8423,001e3476,0
331,331,0,0,0025c15d,0025c150,00000000,1,004b8423,001e3477,0
332,332,0,0,0025c15e,0025c150,00000000,1,004b8423,001e3478,0
333,333,0,0,0025c15e,0025c150,00000000,1,004b8423,001e3479,0
334,334,0,0,0025c15f,0025c150,00000000,1,004b8423,001e347a,0
335,335,0,0,0025c160,0025c150,00000000,1,004b8423,001e347b,0
336,336,0,0,0025c160,0025c151,00000000,1,004b8423,001e347c,0
337,337,0,0,0025c160,0025c152,00000000,1,004b8423,001e347d,0
338,338,0,0,0025c160,0025c152,00000000,1,004b8424,001e347d,0
339,339,0,0,0025c160,0025c152,00000000,1,004b8425,001e347d,0
340,340,0,0,0025c160,0025c153,00000000,1,004b8426,001e347d,0
341,341,0,0,0025c160,0025c154,00000000,1,004b8426,001e347e,0
342,342,0,0,0025c160,0025c155,00000000,1,004b8427,001e347e,0
343,343,0,0,0025c160,0025c155,00000000,1,004b8428,001e347e,0
344,344,0,0,0025c160,0025c156,00000000,1,004b8428,001e347f,0
345,345,0,0,0025c160,0025c157,00000000,1,004b8429,001e347f,0
346,346,0,0,0025c160,0025c158,00000000,1,004b8429,001e3480,0
347,347,0,0,0025c160,0025c159,00000000,1,004b842a,001e3480,0
348,348,0,0,0025c160,0025c159,00000000,1,004b842b,001e3480,0
349,349,0,0,0025c160,0025c15a,00000000,1,004b842c,001e3480,0
350,350,0,0,0025c160,0025c15b,00000000,1,004b842d,001e3480,0
351,351,0,0,0025c160,0025c15b,00000000,1,004b842d,001e3481,0
352,352,0,0,0025c160,0025c15c,00000000,1,004b842e,001e3481,0
353,353,0,0,0025c160,0025c15c,00000000,1,004b842f,001e3481,0
354,354,0,0,0025c160,0025c15d,00000000,1,004b842f,001e3482,0
355,355,0,0,0025c160,0025c15e,00000000,1,004b842f,001e3483,0
356,356,0,0,0025c160,0025c15f,00000000,1,004b842f,001e3484,0
357,357,0,0,0025c160,0025c160,00000000,1,004b8430,001e3484,0
358,358,0,0,0025c160,0025c160,00000000,1,004b8431,001e3484,0
359,359,0,0,0025c161,0025c160,00000000,1,004b8432,001e3484,0
360,360,0,0,0025c162,0025c160,00000000,1,004b8433,001e3484,0
361,361,0,0,0025c163,0025c160,00000000,1,004b8434,001e3484,0
362,362,0,0,0025c163,0025c160,00000000,1,004b8435,001e3484,0
363,363,0,0,0025c163,0025c160,00000000,1,004b8436,001e3484,0
364,364,0,0,0025c164,0025c160,00000000,1,004b8437,001e3484,0
365,365,0,0,0025c165,0025c160,00000000,1,004b8438,001e3484,0
366,366,0,0,0025c166,0025c160,00000000,1,004b8439,001e3484,0
367,367,0,0,0025c167,0025c160,00000000,1,004b843a,001e3484,0
368,368,0,0,0025c167,0025c160,00000000,1,004b843b,001e3484,0
369,369,0,0,0025c168,0025c160,00000000,1,004b843c,001e3484,0
370,370,0,0,0025c169,0025c160,00000000,1,004b843d,001e3484,0
371,371,0,0,0025c16a,0025c160,00000000,1,004b843e,001e3484,0
372,372,0,0,0025c16b,0025c160,00000000,1,004b843f,001e3484,0
373,373,0,0,0025c16b,0025c160,00000000,1,004b8440,001e3484,0
374,374,0,0,0025c16b,0025c160,00000000,1,004b8441,001e3484,0
375,375,0,0,0025c16c,0025c160,00000000,1,004b8442,001e3484,0
376,376,0,0,0025c16d,0025c160,00000000,1,004b8443,001e3484,0
377,377,0,0,0025c16e,0025c160,00000000,1,004b8444,001e3484,0
378,378,0,0,0025c16e,0025c160,00000000,1,004b8445,001e3484,0
379,379,0,0,0025c16f,0025c160,00000000,1,004b8446,001e3484,0
380,380,0,0,0025c170,0025c160,00000000,1,004b8446,001e3485,0
381,381,0,0,0025c170,0025c161,00000000,1,004b8446,001e3486,0
382,382,0,0,0025c170,0025c162,00000000,1,004b8446,001e3487,0
383,383,0,0,0025c170,0025c162,00000000,1,004b8446,001e3488,0
384,384,0,0,0025c170,0025c163,00000000,1,004b8446,001e3489,0
385,385,0,0,0025c170,0025c164,00000000,1,004b8446,001e348a,0
386,386,0,0,0025c170,0025c164,00000000,1,004b8446,001e348b,0
387,387,0,0,0025c170,0025c165,00000000,1,004b8447,001e348b,0
388,388,0,0,0025c170,0025c165,00000000,1,004b8448,001e348b,0
389,389,0,0,0025c170,0025c166,00000000,1,004b8449,001e348b,0
390,390,0,0,0025c170,0025c167,00000000,1,004b8449,001e348c,0
391,391,0,0,0025c170,0025c168,00000000,1,004b8449,001e348d,0
392,392,0,0,0025c170,0025c169,00000000,1,004b844a,001e348d,0
393,393,0,0,0025c170,0025c169,00000000,1,004b844b,001e348d,0
394,394,0,0,0025c170,0025c16a,00000000,1,004b844c,001e348d,0
395,395,0,0,0025c170,0025c16b,00000000,1,004b844d,001e348d,0
396,396,0,0,0025c170,0025c16c,00000000,1,004b844d,001e348e,0
397,397,0,0,0025c170,0025c16c,00000000,1,004b844e,001e348e,0
398,398,0,0,0025c170,0025c16c,00000000,1,004b844f,001e348e,0
399,399,0,0,0025c170,0025c16d,00000000,1,004b8450,001e348e,0
400,400,0,0,0025c170,0025c16e,00000000,1,004b8451,001e348e,0
401,401,0,0,0025c170,0025c16f,00000000,1,004b8452,001e348e,0
402,402,0,0,0025c170,0025c170,00000000,1,004b8453,001e348e,0
403,403,0,0,0025c170,0025c170,00000000,1,004b8454,001e348e,0
404,404,0,0,0025c171,0025c170,00000000,1,004b8455,001e348e,0
405,405,0,0,0025c172,0025c170,00000000,1,004b8456,001e348e,0
406,406,0,0,0025c173,0025c170,00000000,1,004b8457,001e348e,0
407,407,0,0,0025c174,0025c170,00000000,1,004b8458,001e348e,0
408,408,0,0,0025c174,0025c170,00000000,1,004b8459,001e348e,0
409,409,0,0,0025c174,0025c170,00000000,1,004b845a,001e348e,0
410,410,0,0,0025c175,0025c170,00000000,1,004b845b,001e348e,0
411,411,0,0,0025c176,0025c170,00000000,1,004b845c,001e348e,0
412,412,0,0,0025c177,0025c170,00000000,1,004b845d,001e348e,0
413,413,0,0,0025c177,0025c170,00000000,1,004b845e,001e348e,0
414,414,0,0,0025c178,0025c170,00000000,1,004b845f,001e348e,0
415,415,0,0,0025c179,0025c170,00000000,1,004b8460,001e348e,0
416,416,0,0,0025c17a,0025c170,00000000,1,004b8461,001e348e,0
417,417,0,0,0025c17b,0025c170,00000000,1,004b8462,001e348e,0
418,418,0,0,0025c17b,0025c170,00000000,1,004b8463,001e348e,0
419,419,0,0,0025c17c,0025c170,00000000,1,004b8463,001e348f,0
420,420,0,0,0025c17d,0025c170,00000000,1,004b8463,001e3490,0
421,421,0,0,0025c17d,0025c170,00000000,1,004b8463,001e3491,0
422,422,0,0,0025c17e,0025c170,00000000,1,004b8463,001e3492,0
423,423,0,0,0025c17e,0025c170,00000000,1,004b8463,001e3493,0
424,424,0,0,0025c17f,0025c170,00000000,1,004b8463,001e3494,0
425,425,0,0,0025c180,0025c170,00000000,1,004b8463,001e3495,0
426,426,0,0,0025c180,0025c171,00000000,1,004b8463,001e3496,0
427,427,0,0,0025c180,0025c172,00000000,1,004b8463,001e3497,0
428,428,0,0,0025c180,0025c172,00000000,1,004b8464,001e3497,0
429,429,0,0,0025c180,0025c173,00000000,1,004b8465,001e3497,0
430,430,0,0,0025c180,0025c174,00000000,1,004b8466,001e3497,0
431,431,0,0,0025c180,0025c175,00000000,1,004b8466,001e3498,0
432,432,0,0,0025c180,0025c175,00000000,1,004b8467,001e3498,0
433,433,0,0,0025c180,0025c175,00000000,1,004b8468,001e3498,0
434,434,0,0,0025c180,0025c176,00000000,1,004b8469,001e3498,0
435,435,0,0,0025c180,0025c177,00000000,1,004b846a,001e3498,0
436,436,0,0,0025c180,0025c178,00000000,1,004b846a,001e3499,0
437,437,0,0,0025c180,0025c179,00000000,1,004b846b,001e3499,0
438,438,0,0,0025c180,0025c179,00000000,1,004b846c,001e3499,0
439,439,0,0,0025c180,0025c17a,00000000,1,004b846d,001e3499,0
440,440,0,0,0025c180,0025c17b,00000000,1,004b846e,001e3499,0
441,441,0,0,0025c180,0025c17c,00000000,1,004b846e,001e349a,0
442,442,0,0,0025c180,0025c17d,00000000,1,004b846f,001e349a,0
443,443,0,0,0025c180,0025c17d,00000000,1,004b846f,001e349b,0
444,444,0,0,0025c180,0025c17e,00000000,1,004b846f,001e349c,0
445,445,0,0,0025c180,0025c17e,00000000,1,004b846f,001e349d,0
446,446,0,0,0025c180,0025c17f,00000000,1,004b846f,001e349e,0
447,447,0,0,0025c180,0025c180,00000000,1,004b8470,001e349e,0
448,448,0,0,0025c180,0025c180,00000000,1,004b8471,001e349e,0
449,449,0,0,0025c181,0025c180,00000000,1,004b8472,001e349e,0
450,450,0,0,0025c182,0025c180,00000000,1,004b8473,001e349e,0
451,451,0,0,0025c183,0025c180,00000000,1,004b8474,001e349e,0
452,452,0,0,0025c184,0025c180,00000000,1,004b8475,001e349e,0
453,453,0,0,0025c184,0025c180,00000000,1,004b8476,001e349e,0
454,454,0,0,0025c185,0025c180,00000000,1,004b8477,001e349e,0
455,455,0,0,0025c186,0025c180,00000000,1,004b8478,001e349e,0
456,456,0,0,0025c186,0025c180,00000000,1,004b8479,001e349e,0
457,457,0,0,0025c187,0025c180,00000000,1,004b847a,001e349e,0
458,458,0,0,0025c187,0025c180,00000000,1,004b847b,001e349e,0
459,459,0,0,0025c188,0025c180,00000000,1,004b847c,001e349e,0
460,460,0,0,0025c189,0025c180,00000000,1,004b847d,001e349e,0
461,461,0,0,0025c18a,0025c180,00000000,1,004b847e,001e349e,0
462,462,0,0,0025c18b,0025c180,00000000,1,004b847f,001e349e,0
463,463,0,0,0025c18b,0025c180,00000000,1,004b8480,001e349e,0
464,464,0,0,0025c18c,0025c180,00000000,1,004b8481,001e349e,0
465,465,0,0,0025c18d,0025c180,00000000,1,004b8482,001e349e,0
466,466,0,0,0025c18e,0025c180,00000000,1,004b8483,001e349e,0
467,467,0,0,0025c18e,0025c180,00000000,1,004b8484,001e349e,0
468,468,0,0,0025c18e,0025c180,00000000,1,004b8485,001e349e,0
469,469,0,0,0025c18f,0025c180,00000000,1,004b8486,001e349e,0
470,470,0,0,0025c190,0025c180,00000000,1,004b8486,001e349f,0
471,471,0,0,0025c190,0025c181,00000000,1,004b8486,001e34a0,0
472,472,0,0,0025c190,0025c182,00000000,1,004b8486,001e34a1,0
473,473,0,0,0025c190,0025c182,00000000,1,004b8486,001e34a2,0
474,474,0,0,0025c190,0025c183,00000000,1,004b8486,001e34a3,0
475,475,0,0,0025c190,0025c184,00000000,1,004b8486,001e34a4,0
476,476,0,0,0025c190,0025c185,00000000,1,004b8486,001e34a5,0
477,477,0,0,0025c190,0025c186,00000000,1,004b8487,001e34a5,0
478,478,0,0,0025c190,0025c186,00000000,1,004b8488,001e34a5,0
479,479,0,0,0025c190,0025c186,00000000,1,004b8489,001e34a5,0
480,480,0,0,0025c190,0025c187,00000000,1,004b848a,001e34a5,0
481,481,0,0,0025c190,0025c188,00000000,1,004b848a,001e34a6,0
482,482,0,0,0025c190,0025c189,00000000,1,004b848b,001e34a6,0
483,483,0,0,0025c190,0025c189,00000000,1,004b848b,001e34a7,0
484,484,0,0,0025c190,0025c18a,00000000,1,004b848c,001e34a7,0
485,485,0,0,0025c190,0025c18b,00000000,1,004b848d,001e34a7,0
486,486,0,0,0025c190,0025c18c,00000000,1,004b848d,001e34a8,0
487,487,0,0,0025c190,0025c18d,00000000,1,004b848e,001e34a8,0
488,488,0,0,0025c190,0025c18d,00000000,1,004b848f,001e34a8,0
489,489,0,0,0025c190,0025c18e,00000000,1,004b8490,001e34a8,0
490,490,0,0,0025c190,0025c18f,00000000,1,004b8491,001e34a8,0
491,491,0,0,0025c190,0025c18f,00000000,1,004b8492,001e34a8,0
492,492,0,0,0025c190,0025c190,00000000,1,004b8493,001e34a8,0
493,493,0,0,0025c190,0025c190,00000000,1,004b8494,001e34a8,0
494,494,0,0,0025c191,0025c190,00000000,1,004b8495,001e34a8,0
495,495,0,0,0025c192,0025c190,00000000,1,004b8496,001e34a8,0
496,496,0,0,0025c193,0025c190,00000000,1,004b8497,001e34a8,0
497,497,0,0,0025c194,0025c190,00000000,1,004b8498,001e34a8,0
498,498,0,0,0025c194,0025c190,00000000,1,004b8499,001e34a8,0
499,499,0,0,0025c195,0025c190,00000000,1,004b849a,001e34a8,0
500,500,0,0,0025c196,0025c190,00000000,1,004b849b,001e34a8,0
501,501,0,0,0025c197,0025c190,00000000,1,004b849c,001e34a8,0
502,502,0,0,0025c197,0025c190,00000000,1,004b849d,001e34a8,0
503,503,0,0,0025c197,0025c190,00000000,1,004b849e,001e34a8,0
504,504,0,0,0025c198,0025c190,00000000,1,004b849f,001e34a8,0
505,505,0,0,0025c199,0025c190,00000000,1,004b84a0,001e34a8,0
506,506,0,0,0025c19a,0025c190,00000000,1,004b84a1,001e34a8,0
507,507,0,0,0025c19b,0025c190,00000000,1,004b84a2,001e34a8,0
508,508,0,0,0025c19b,0025c190,00000000,1,004b84a3,001e34a8,0
509,509,0,0,0025c19c,0025c190,00000000,1,004b84a4,001e34a8,0
510,510,0,0,0025c19d,0025c190,00000000,1,004b84a4,001e34a9,0
511,511,0,0,0025c19e,0025c190,00000000,1,004b84a4,001e34aa,0
512,512,1,0,0025c19f,0025c190,00000000,1,004b84a4,001e34ab,0
513,513,0,0,0025c19f,0025c190,00000000,1,004b84a4,001e34ac,0
514,514,0,0,0025c19f,0025c190,00000000,1,004b84a4,001e34ad,0
515,515,0,0,0025c1a0,0025c190,00000000,1,004b84a4,001e34ae,0
516,516,0,0,0025c1a0,0025c191,00000000,1,004b84a4,001e34af,0
517,517,0,0,0025c1a0,0025c192,00000000,1,004b84a4,001e34b0,0
518,518,0,0,0025c1a0,0025c192,00000000,1,004b84a5,001e34b0,0
519,519,0,0,0025c1a0,0025c193,00000000,1,004b84a5,001e34b1,0
520,520,0,0,0025c1a0,0025c194,00000000,1,004b84a6,001e34b1,0
521,521,0,0,0025c1a0,0025c195,00000000,1,004b84a6,001e34b2,0
522,522,0,0,0025c1a0,0025c196,00000000,1,004b84a7,001e34b2,0
523,523,0,0,0025c1a0,0025c196,00000000,1,004b84a8,001e34b2,0
524,524,0,0,0025c1a0,0025c197,00000000,1,004b84a9,001e34b2,0
525,525,0,0,0025c1a0,0025c198,00000000,1,004b84aa,001e34b2,0
526,526,0,0,0025c1a0,0025c198,00000000,1,004b84aa,001e34b3,0
527,527,0,0,0025c1a0,0025c199,00000000,1,004b84ab,001e34b3,0
528,528,0,0,0025c1a0,0025c199,00000000,1,004b84ac,001e34b3,0
529,529,0,0,0025c1a0,0025c19a,00000000,1,004b84ad,001e34b3,0
530,530,0,0,0025c1a0,0025c19b,00000000,1,004b84ae,001e34b3,0
531,531,0,0,0025c1a0,0025c19c,00000000,1,004b84ae,001e34b4,0
532,532,0,0,0025c1a0,0025c19d,00000000,1,004b84af,001e34b4,0
533,533,0,0,0025c1a0,0025c19d,00000000,1,004b84b0,001e34b4,0
534,534,0,0,0025c1a0,0025c19e,00000000,1,004b84b1,001e34b4,0
535,535,0,0,0025c1a0,0025c19f,00000000,1,004b84b2,001e34b4,0
536,536,0,0,0025c1a0,0025c1a0,00000000,1,004b84b3,001e34b4,0
537,537,0,0,0025c1a0,0025c1a0,00000000,1,004b84b4,001e34b4,0
538,538,0,0,0025c1a0,0025c1a0,00000000,1,004b84b5,001e34b4,0
539,539,0,0,0025c1a1,0025c1a0,00000000,1,004b84b6,001e34b4,0
540,540,0,0,0025c1a2,0025c1a0,00000000,1,004b84b7,001e34b4,0
541,541,0,0,0025c1a3,0025c1a0,00000000,1,004b84b8,001e34b4,0
542,542,0,0,0025c1a4,0025c1a0,00000000,1,004b84b9,001e34b4,0
543,543,0,0,0025c1a4,0025c1a0,00000000,1,004b84ba,001e34b4,0
544,544,0,0,0025c1a5,0025c1a0,00000000,1,004b84bb,001e34b4,0
545,545,0,0,0025c1a6,0025c1a0,00000000,1,004b84bc,001e34b4,0
546,546,0,0,0025c1a7,0025c1a0,00000000,1,004b84bd,001e34b4,0
547,547,0,0,0025c1a8,0025c1a0,00000000,1,004b84be,001e34b4,0
548,548,0,0,0025c1a8,0025c1a0,00000000,1,004b84bf,001e34b4,0
549,549,0,0,0025c1a8,0025c1a0,00000000,1,004b84c0,001e34b4,0
550,550,0,0,0025c1a9,0025c1a0,00000000,1,004b84c1,001e34b4,0
551,551,0,0,0025c1aa,0025c1a0,00000000,1,004b84c2,001e34b4,0
552,552,0,0,0025c1ab,0025c1a0,00000000,1,004b84c3,001e34b4,0
553,553,0,0,0025c1ab,0025c1a0,00000000,1,004b84c4,001e34b4,0
554,554,0,0,0025c1ac,0025c1a0,00000000,1,004b84c4,001e34b5,0
555,555,0,0,0025c1ad,0025c1a0,00000000,1,004b84c4,001e34b6,0
556,556,0,0,0025c1ae,0025c1a0,00000000,1,004b84c4,001e34b7,0
557,557,0,0,0025c1af,0025c1a0,00000000,1,004b84c4,001e34b8,0
558,558,0,0,0025c1af,0025c1a0,00000000,1,004b84c4,001e34b9,0
559,559,0,0,0025c1b0,0025c1a0,00000000,1,004b84c4,001e34ba,0
560,560,0,0,0025c1b0,0025c1a1,00000000,1,004b84c4,001e34bb,0
561,561,0,0,0025c1b0,0025c1a1,00000000,1,004b84c4,001e34bc,0
562,562,0,0,0025c1b0,0025c1a2,00000000,1,004b84c4,001e34bd,0
563,563,0,0,0025c1b0,0025c1a2,00000000,1,004b84c5,001e34bd,0
564,564,0,0,0025c1b0,0025c1a3,00000000,1,004b84c6,001e34bd,0
565,565,0,0,0025c1b0,0025c1a4,00000000,1,004b84c7,001e34bd,0
566,566,0,0,0025c1b0,0025c1a5,00000000,1,004b84c7,001e34be,0
567,567,0,0,0025c1b0,0025c1a6,00000000,1,004b84c7,001e34bf,0
568,568,0,0,0025c1b0,0025c1a6,00000000,1,004b84c8,001e34bf,0
569,569,0,0,0025c1b0,0025c1a7,00000000,1,004b84c9,001e34bf,0
570,570,0,0,0025c1b0,0025c1a8,00000000,1,004b84ca,001e34bf,0
571,571,0,0,0025c1b0,0025c1a9,00000000,1,004b84ca,001e34c0,0
572,572,0,0,0025c1b0,0025c1a9,00000000,1,004b84cb,001e34c0,0
573,573,0,0,0025c1b0,0025c1a9,00000000,1,004b84cc,001e34c0,0
574,574,0,0,0025c1b0,0025c1aa,00000000,1,004b84cd,001e34c0,0
575,575,0,0,0025c1b0,0025c1ab,00000000,1,004b84ce,001e34c0,0
576,576,0,0,0025c1b0,0025c1ac,00000000,1,004b84ce,001e34c1,0
577,577,0,0,0025c1b0,0025c1ad,00000000,1,004b84cf,001e34c1,0
578,578,0,0,0025c1b0,0025c1ad,00000000,1,004b84d0,001e34c1,0
579,579,0,0,0025c1b0,0025c1ae,00000000,1,004b84d1,001e34c1,0
580,580,0,0,0025c1b0,0025c1af,00000000,1,004b84d2,001e34c1,0
581,581,0,0,0025c1b0,0025c1b0,00000000,1,004b84d3,001e34c1,0
582,582,0,0,0025c1b1,0025c1b0,00000000,1,004b84d4,001e34c1,0
583,583,0,0,0025c1b1,0025c1b0,00000000,1,004b84d5,001e34c1,0
584,584,0,0,0025c1b1,0025c1b0,00000000,1,004b84d6,001e34c1,0
585,585,0,0,0025c1b2,0025c1b0,00000000,1,004b84d7,001e34c1,0
586,586,0,0,0025c1b3,0025c1b0,00000000,1,004b84d8,001e34c1,0
587,587,0,0,0025c1b4,0025c1b0,00000000,1,004b84d9,001e34c1,0
588,588,0,0,0025c1b4,0025c1b0,00000000,1,004b84da,001e34c1,0
589,589,0,0,0025c1b5,0025c1b0,00000000,1,004b84db,001e34c1,0
590,590,0,0,0025c1b6,0025c1b0,00000000,1,004b84dc,001e34c1,0
591,591,0,0,0025c1b7,0025c1b0,00000000,1,004b84dd,001e34c1,0
592,592,0,0,0025c1b8,0025c1b0,00000000,1,004b84de,001e34c1,0
593,593,0,0,0025c1b8,0025c1b0,00000000,1,004b84df,001e34c1,0
594,594,0,0,0025c1b9,0025c1b0,00000000,1,004b84e0,001e34c1,0
595,595,0,0,0025c1ba,0025c1b0,00000000,1,004b84e1,001e34c1,0
596,596,0,0,0025c1ba,0025c1b0,00000000,1,004b84e2,001e34c1,0
597,597,0,0,0025c1bb,0025c1b0,00000000,1,004b84e3,001e34c1,0
598,598,0,0,0025c1bb,0025c1b0,00000000,1,004b84e4,001e34c1,0
599,599,0,0,0025c1bc,0025c1b0,00000000,1,004b84e4,001e34c2,0
600,600,0,0,0025c1bd,0025c1b0,00000000,1,004b84e4,001e34c3,0
601,601,0,0,0025c1be,0025c1b0,00000000,1,004b84e4,001e34c4,0
602,602,0,0,0025c1bf,0025c1b0,00000000,1,004b84e4,001e34c5,0
603,603,0,0,0025c1bf,0025c1b0,00000000,1,004b84e4,001e34c6,0
604,604,0,0,0025c1c0,0025c1b0,00000000,1,004b84e4,001e34c7,0
605,605,0,0,0025c1c0,0025c1b1,00000000,1,004b84e4,001e34c8,0
606,606,0,0,0025c1c0,0025c1b2,00000000,1,004b84e4,001e34c9,0
607,607,0,0,0025c1c0,0025c1b2,00000000,1,004b84e4,001e34ca,0
608,608,0,0,0025c1c0,0025c1b2,00000000,1,004b84e5,001e34ca,0
609,609,0,0,0025c1c0,0025c1b3,00000000,1,004b84e6,001e34ca,0
610,610,0,0,0025c1c0,0025c1b4,00000000,1,004b84e7,001e34ca,0
611,611,0,0,0025c1c0,0025c1b5,00000000,1,004b84e7,001e34cb,0
612,612,0,0,0025c1c0,0025c1b6,00000000,1,004b84e7,001e34cc,0
613,613,0,0,0025c1c0,0025c1b6,00000000,1,004b84e8,001e34cc,0
614,614,0,0,0025c1c0,0025c1b7,00000000,1,004b84e9,001e34cc,0
615,615,0,0,0025c1c0,0025c1b8,00000000,1,004b84ea,001e34cc,0
616,616,0,0,0025c1c0,0025c1b9,00000000,1,004b84ea,001e34cd,0
617,617,0,0,0025c1c0,0025c1ba,00000000,1,004b84eb,001e34cd,0
618,618,0,0,0025c1c0,0025c1ba,00000000,1,004b84ec,001e34cd,0
619,619,0,0,0025c1c0,0025c1ba,00000000,1,004b84ed,001e34cd,0
620,620,0,0,0025c1c0,0025c1bb,00000000,1,004b84ee,001e34cd,0
621,621,0,0,0025c1c0,0025c1bc,00000000,1,004b84ee,001e34ce,0
622,622,0,0,0025c1c0,0025c1bd,00000000,1,004b84ef,001e34ce,0
623,623,0,0,0025c1c0,0025c1bd,00000000,1,004b84f0,001e34ce,0
624,624,0,0,0025c1c0,0025c1be,00000000,1,004b84f1,001e34ce,0
625,625,0,0,0025c1c0,0025c1bf,00000000,1,004b84f2,001e34ce,0
626,626,0,0,0025c1c0,0025c1c0,00000000,1,004b84f3,001e34ce,0
627,627,0,0,0025c1c1,0025c1c0,00000000,1,004b84f4,001e34ce,0
628,628,0,0,0025c1c1,0025c1c0,00000000,1,004b84f5,001e34ce,0
629,629,0,0,0025c1c2,0025c1c0,00000000,1,004b84f6,001e34ce,0
630,630,0,0,0025c1c3,0025c1c0,00000000,1,004b84f7,001e34ce,0
631,631,0,0,0025c1c3,0025c1c0,00000000,1,004b84f8,001e34ce,0
632,632,0,0,0025c1c4,0025c1c0,00000000,1,004b84f9,001e34ce,0
633,633,0,0,0025c1c4,0025c1c0,00000000,1,004b84fa,001e34ce,0
634,634,0,0,0025c1c5,0025c1c0,00000000,1,004b84fb,001e34ce,0
635,635,0,0,0025c1c6,0025c1c0,00000000,1,004b84fc,001e34ce,0
636,636,0,0,0025c1c7,0025c1c0,00000000,1,004b84fd,001e34ce,0
637,637,0,0,0025c1c8,0025c1c0,00000000,1,004b84fe,001e34ce,0
638,638,0,0,0025c1c8,0025c1c0,00000000,1,004b84ff,001e34ce,0
639,639,0,0,0025c1c9,0025c1c0,00000000,1,004b8500,001e34ce,0
640,640,0,0,0025c1ca,0025c1c0,00000000,1,004b8501,001e34ce,0
641,641,0,0,0025c1cb,0025c1c0,00000000,1,004b8502,001e34ce,0
642,642,0,0,0025c1cb,0025c1c0,00000000,1,004b8503,001e34ce,0
643,643,0,0,0025c1cb,0025c1c0,00000000,1,004b8504,001e34ce,0
644,644,0,0,0025c1cc,0025c1c0,00000000,1,004b8504,001e34cf,0
645,645,0,0,0025c1cd,0025c1c0,00000000,1,004b8504,001e34d0,0
646,646,0,0,0025c1ce,0025c1c0,00000000,1,004b8504,001e34d1,0
647,647,0,0,0025c1cf,0025c1c0,00000000,1,004b8504,001e34d2,0
648,648,0,0,0025c1cf,0025c1c0,00000000,1,004b8504,001e34d3,0
649,649,0,0,0025c1d0,0025c1c0,00000000,1,004b8504,001e34d4,0
650,650,0,0,0025c1d0,0025c1c1,00000000,1,004b8504,001e34d5,0
651,651,0,0,0025c1d0,0025c1c2,00000000,1,004b8504,001e34d6,0
652,652,0,0,0025c1d0,0025c1c3,00000000,1,004b8504,001e34d7,0
653,653,0,0,0025c1d0,0025c1c3,00000000,1,004b8505,001e34d7,0
654,654,0,0,0025c1d0,0025c1c3,00000000,1,004b8506,001e34d7,0
655,655,0,0,0025c1d0,0025c1c4,00000000,1,004b8507,001e34d7,0
656,656,0,0,0025c1d0,0025c1c5,00000000,1,004b8507,001e34d8,0
657,657,0,0,0025c1d0,0025c1c6,00000000,1,004b8508,001e34d8,0
658,658,0,0,0025c1d0,0025c1c6,00000000,1,004b8509,001e34d8,0
659,659,0,0,0025c1d0,0025c1c7,00000000,1,004b8509,001e34d9,0
660,660,0,0,0025c1d0,0025c1c8,00000000,1,004b850a,001e34d9,0
661,661,0,0,0025c1d0,0025c1c9,00000000,1,004b850a,001e34da,0
662,662,0,0,0025c1d0,0025c1ca,00000000,1,004b850b,001e34da,0
663,663,0,0,0025c1d0,0025c1ca,00000000,1,004b850c,001e34da,0
664,664,0,0,0025c1d0,0025c1cb,00000000,1,004b850d,001e34da,0
665,665,0,0,0025c1d0,0025c1cc,00000000,1,004b850e,001e34da,0
666,666,0,0,0025c1d0,0025c1cc,00000000,1,004b850e,001e34db,0
667,667,0,0,0025c1d0,0025c1cd,00000000,1,004b850f,001e34db,0
668,668,0,0,0025c1d0,0025c1cd,00000000,1,004b8510,001e34db,0
669,669,0,0,0025c1d0,0025c1ce,00000000,1,004b8511,001e34db,0
670,670,0,0,0025c1d0,0025c1cf,00000000,1,004b8512,001e34db,0
671,671,0,0,0025c1d0,0025c1d0,00000000,1,004b8513,001e34db,0
672,672,0,0,0025c1d1,0025c1d0,00000000,1,004b8514,001e34db,0
673,673,0,0,0025c1d1,0025c1d0,00000000,1,004b8515,001e34db,0
674,674,0,0,0025c1d2,0025c1d0,00000000,1,004b8516,001e34db,0
675,675,0,0,0025c1d3,0025c1d0,00000000,1,004b8517,001e34db,0
676,676,0,0,0025c1d4,0025c1d0,00000000,1,004b8518,001e34db,0
677,677,0,0,0025c1d4,0025c1d0,00000000,1,004b8519,001e34db,0
678,678,0,0,0025c1d4,0025c1d0,00000000,1,004b851a,001e34db,0
679,679,0,0,0025c1d5,0025c1d0,00000000,1,004b851b,001e34db,0
680,680,0,0,0025c1d6,0025c1d0,00000000,1,004b851c,001e34db,0
681,681,0,0,0025c1d7,0025c1d0,00000000,1,004b851d,001e34db,0
682,682,0,0,0025c1d8,0025c1d0,00000000,1,004b851e,001e34db,0
683,683,0,0,0025c1d8,0025c1d0,00000000,1,004b851f,001e34db,0
684,684,0,0,0025c1d9,0025c1d0,00000000,1,004b8520,001e34db,0
685,685,0,0,0025c1da,0025c1d0,00000000,1,004b8521,001e34db,0
686,686,0,0,0025c1db,0025c1d0,00000000,1,004b8522,001e34db,0
687,687,0,0,0025c1dc,0025c1d0,00000000,1,004b8523,001e34db,0
688,688,0,0,0025c1dc,0025c1d0,00000000,1,004b8524,001e34db,0
689,689,0,0,0025c1dc,0025c1d0,00000000,1,004b8524,001e34dc,0
690,690,0,0,0025c1dd,0025c1d0,00000000,1,004b8524,001e34dd,0
691,691,0,0,0025c1de,0025c1d0,00000000,1,004b8524,001e34de,0
692,692,0,0,0025c1df,0025c1d0,00000000,1,004b8524,001e34df,0
693,693,0,0,0025c1df,0025c1d0,00000000,1,004b8524,001e34e0,0
694,694,0,0,0025c1e0,0025c1d0,00000000,1,004b8524,001e34e1,0
695,695,0,0,0025c1e0,0025c1d1,00000000,1,004b8524,001e34e2,0
696,696,0,0,0025c1e0,0025c1d2,00000000,1,004b8524,001e34e3,0
697,697,0,0,0025c1e0,0025c1d3,00000000,1,004b8524,001e34e4,0
698,698,0,0,0025c1e0,0025c1d3,00000000,1,004b8525,001e34e4,0
699,699,0,0,0025c1e0,0025c1d4,00000000,1,004b8526,001e34e4,0
700,700,0,0,0025c1e0,0025c1d5,00000000,1,004b8527,001e34e4,0
701,701,0,0,0025c1e0,0025c1d5,00000000,1,004b8527,001e34e5,0
702,702,0,0,0025c1e0,0025c1d6,00000000,1,004b8528,001e34e5,0
703,703,0,0,0025c1e0,0025c1d6,00000000,1,004b8529,001e34e5,0
704,704,0,0,0025c1e0,0025c1d7,00000000,1,004b8529,001e34e6,0
705,705,0,0,0025c1e0,0025c1d8,00000000,1,004b852a,001e34e6,0
706,706,0,0,0025c1e0,0025c1d9,00000000,1,004b852a,001e34e7,0
707,707,0,0,0025c1e0,0025c1da,00000000,1,004b852b,001e34e7,0
708,708,0,0,0025c1e0,0025c1da,00000000,1,004b852c,001e34e7,0
709,709,0,0,0025c1e0,0025c1db,00000000,1,004b852d,001e34e7,0
710,710,0,0,0025c1e0,0025c1dc,00000000,1,004b852e,001e34e7,0
711,711,0,0,0025c1e0,0025c1dd,00000000,1,004b852e,001e34e8,0
712,712,0,0,0025c1e0,0025c1dd,00000000,1,004b852f,001e34e8,0
713,713,0,0,0025c1e0,0025c1dd,00000000,1,004b8530,001e34e8,0
714,714,0,0,0025c1e0,0025c1de,00000000,1,004b8531,001e34e8,0
715,715,0,0,0025c1e0,0025c1df,00000000,1,004b8532,001e34e8,0
716,716,0,0,0025c1e0,0025c1e0,00000000,1,004b8533,001e34e8,0
717,717,0,0,0025c1e1,0025c1e0,00000000,1,004b8534,001e34e8,0
718,718,0,0,0025c1e1,0025c1e0,00000000,1,004b8535,001e34e8,0
719,719,0,0,0025c1e2,0025c1e0,00000000,1,004b8536,001e34e8,0
720,720,0,0,0025c1e3,0025c1e0,00000000,1,004b8537,001e34e8,0
721,721,0,0,0025c1e4,0025c1e0,00000000,1,004b8538,001e34e8,0
722,722,0,0,0025c1e5,0025c1e0,00000000,1,004b8539,001e34e8,0
723,723,0,0,0025c1e5,0025c1e0,00000000,1,004b853a,001e34e8,0
724,724,0,0,0025c1e5,0025c1e0,00000000,1,004b853b,001e34e8,0
725,725,0,0,0025c1e6,0025c1e0,00000000,1,004b853c,001e34e8,0
726,726,0,0,0025c1e7,0025c1e0,00000000,1,004b853d,001e34e8,0
727,727,0,0,0025c1e8,0025c1e0,00000000,1,004b853e,001e34e8,0
728,728,0,0,0025c1e8,0025c1e0,00000000,1,004b853f,001e34e8,0
729,729,0,0,0025c1e9,0025c1e0,00000000,1,004b8540,001e34e8,0
730,730,0,0,0025c1ea,0025c1e0,00000000,1,004b8541,001e34e8,0
731,731,0,0,0025c1eb,0025c1e0,00000000,1,004b8542,001e34e8,0
732,732,0,0,0025c1ec,0025c1e0,00000000,1,004b8543,001e34e8,0
733,733,0,0,0025c1ec,0025c1e0,00000000,1,004b8544,001e34e8,0
734,734,0,0,0025c1ed,0025c1e0,00000000,1,004b8544,001e34e9,0
735,735,0,0,0025c1ee,0025c1e0,00000000,1,004b8544,001e34ea,0
736,736,0,0,0025c1ee,0025c1e0,00000000,1,004b8544,001e34eb,0
737,737,0,0,0025c1ef,0025c1e0,00000000,1,004b8544,001e34ec,0
738,738,0,0,0025c1ef,0025c1e0,00000000,1,004b8544,001e34ed,0
739,739,0,0,0025c1f0,0025c1e0,00000000,1,004b8544,001e34ee,0
740,740,0,0,0025c1f0,0025c1e1,00000000,1,004b8544,001e34ef,0
741,741,0,0,0025c1f0,0025c1e2,00000000,1,004b8544,001e34f0,0
742,742,0,0,0025c1f0,0025c1e3,00000000,1,004b8544,001e34f1,0
743,743,0,0,0025c1f0,0025c1e3,00000000,1,004b8545,001e34f1,0
744,744,0,0,0025c1f0,0025c1e4,00000000,1,004b8546,001e34f1,0
745,745,0,0,0025c1f0,0025c1e5,00000000,1,004b8547,001e34f1,0
746,746,0,0,0025c1f0,0025c1e6,00000000,1,004b8547,001e34f2,0
747,747,0,0,0025c1f0,0025c1e6,00000000,1,004b8548,001e34f2,0
748,748,0,0,0025c1f0,0025c1e6,00000000,1,004b8549,001e34f2,0
749,749,0,0,0025c1f0,0025c1e7,00000000,1,004b854a,001e34f2,0
750,750,0,0,0025c1f0,0025c1e8,00000000,1,004b854b,001e34f2,0
751,751,0,0,0025c1f0,0025c1e9,00000000,1,004b854b,001e34f3,0
752,752,0,0,0025c1f0,0025c1ea,00000000,1,004b854c,001e34f3,0
753,753,0,0,0025c1f0,0025c1ea,00000000,1,004b854d,001e34f3,0
754,754,0,0,0025c1f0,0025c1eb,00000000,1,004b854e,001e34f3,0
755,755,0,0,0025c1f0,0025c1ec,00000000,1,004b854f,001e34f3,0
756,756,0,0,0025c1f0,0025c1ed,00000000,1,004b854f,001e34f4,0
757,757,0,0,0025c1f0,0025c1ee,00000000,1,004b8550,001e34f4,0
758,758,0,0,0025c1f0,0025c1ee,00000000,1,004b8551,001e34f4,0
759,759,0,0,0025c1f0,0025c1ee,00000000,1,004b8552,001e34f4,0
760,760,0,0,0025c1f0,0025c1ef,00000000,1,004b8553,001e34f4,0
761,761,0,0,0025c1f0,0025c1f0,00000000,1,004b8554,001e34f4,0
762,762,0,0,0025c1f1,0025c1f0,00000000,1,004b8555,001e34f4,0
763,763,0,0,0025c1f1,0025c1f0,00000000,1,004b8556,001e34f4,0
764,764,0,0,0025c1f2,0025c1f0,00000000,1,004b8557,001e34f4,0
765,765,0,0,0025c1f3,0025c1f0,00000000,1,004b8558,001e34f4,0
766,766,0,0,0025c1f4,0025c1f0,00000000,1,004b8559,001e34f4,0
767,767,0,0,0025c1f5,0025c1f0,00000000,1,004b855a,001e34f4,0
768,768,0,0,0025c1f5,0025c1f0,00000000,1,004b855b,001e34f4,0
769,769,0,0,0025c1f6,0025c1f0,00000000,1,004b855c,001e34f4,0
770,770,0,0,0025c1f7,0025c1f0,00000000,1,004b855d,001e34f4,0
771,771,0,0,0025c1f7,0025c1f0,00000000,1,004b855e,001e34f4,0
772,772,0,0,0025c1f8,0025c1f0,00000000,1,004b855f,001e34f4,0
773,773,0,0,0025c1f8,0025c1f0,00000000,1,004b8560,001e34f4,0
774,774,0,0,0025c1f9,0025c1f0,00000000,1,004b8561,001e34f4,0
775,775,0,0,0025c1fa,0025c1f0,00000000,1,004b8562,001e34f4,0
776,776,0,0,0025c1fb,0025c1f0,00000000,1,004b8563,001e34f4,0
777,777,0,0,0025c1fc,0025c1f0,00000000,1,004b8564,001e34f4,0
778,778,0,0,0025c1fc,0025c1f0,00000000,1,004b8564,001e34f5,0
779,779,0,0,0025c1fd,0025c1f0,00000000,1,004b8564,001e34f6,0
780,780,0,0,0025c1fe,0025c1f0,00000000,1,004b8564,001e34f7,0
781,781,0,0,0025c1ff,0025c1f0,00000000,1,004b8564,001e34f8,0
782,782,0,0,0025c1ff,0025c1f0,00000000,1,004b8564,001e34f9,0
783,783,0,0,0025c1ff,0025c1f0,00000000,1,004b8564,001e34fa,0
784,784,0,0,0025c200,0025c1f0,00000000,1,004b8564,001e34fb,0
785,785,0,0,0025c200,0025c1f1,00000000,1,004b8564,001e34fc,0
786,786,0,0,0025c200,0025c1f2,00000000,1,004b8564,001e34fd,0
787,787,0,0,0025c200,0025c1f3,00000000,1,004b8565,001e34fd,0
788,788,0,0,0025c200,0025c1f3,00000000,1,004b8565,001e34fe,0
789,789,0,0,0025c200,0025c1f4,00000000,1,004b8566,001e34fe,0
790,790,0,0,0025c200,0025c1f5,00000000,1,004b8567,001e34fe,0
791,791,0,0,0025c200,0025c1f6,00000000,1,004b8567,001e34ff,0
792,792,0,0,0025c200,0025c1f7,00000000,1,004b8568,001e34ff,0
793,793,0,0,0025c200,0025c1f7,00000000,1,004b8569,001e34ff,0
794,794,0,0,0025c200,0025c1f8,00000000,1,004b856a,001e34ff,0
795,795,0,0,0025c200,0025c1f8,00000000,1,004b856b,001e34ff,0
796,796,0,0,0025c200,0025c1f9,00000000,1,004b856b,001e3500,0
797,797,0,0,0025c200,0025c1fa,00000000,1,004b856c,001e3500,0
798,798,0,0,0025c200,0025c1fa,00000000,1,004b856d,001e3500,0
799,799,0,0,0025c200,0025c1fb,00000000,1,004b856e,001e3500,0
800,800,0,0,0025c200,0025c1fc,00000000,1,004b856f,001e3500,0
801,801,0,0,0025c200,0025c1fd,00000000,1,004b856f,001e3501,0
802,802,0,0,0025c200,0025c1fe,00000000,1,004b8570,001e3501,0
803,803,0,0,0025c200,0025c1fe,00000000,1,004b8571,001e3501,0
804,804,0,0,0025c200,0025c1ff,00000000,1,004b8572,001e3501,0
805,805,0,0,0025c200,0025c200,00000000,1,004b8573,001e3501,0
806,806,0,0,0025c200,0025c200,00000000,1,004b8574,001e3501,0
807,807,0,0,0025c201,0025c200,00000000,1,004b8575,001e3501,0
808,808,0,0,0025c201,0025c200,00000000,1,004b8576,001e3501,0
809,809,0,0,0025c202,0025c200,00000000,1,004b8577,001e3501,0
810,810,0,0,0025c203,0025c200,00000000,1,004b8578,001e3501,0
811,811,0,0,0025c204,0025c200,00000000,1,004b8579,001e3501,0
812,812,0,0,0025c205,0025c200,00000000,1,004b857a,001e3501,0
813,813,0,0,0025c205,0025c200,00000000,1,004b857b,001e3501,0
814,814,0,0,0025c206,0025c200,00000000,1,004b857c,001e3501,0
815,815,0,0,0025c207,0025c200,00000000,1,004b857d,001e3501,0
816,816,0,0,0025c208,0025c200,00000000,1,004b857e,001e3501,0
817,817,0,0,0025c208,0025c200,00000000,1,004b857f,001e3501,0
818,818,0,0,0025c208,0025c200,00000000,1,004b8580,001e3501,0
819,819,0,0,0025c209,0025c200,00000000,1,004b8581,001e3501,0
820,820,0,0,0025c20a,0025c200,00000000,1,004b8582,001e3501,0
821,821,0,0,0025c20b,0025c200,00000000,1,004b8583,001e3501,0
822,822,0,0,0025c20c,0025c200,00000000,1,004b8584,001e3501,0
823,823,0,0,0025c20c,0025c200,00000000,1,004b8584,001e3502,0
824,824,0,0,0025c20d,0025c200,00000000,1,004b8584,001e3503,0
825,825,0,0,0025c20e,0025c200,00000000,1,004b8584,001e3504,0
826,826,0,0,0025c20f,0025c200,00000000,1,004b8584,001e3505,0
827,827,0,0,0025c210,0025c200,00000000,1,004b8584,001e3506,0
828,828,0,0,0025c210,0025c200,00000000,1,004b8584,001e3507,0
829,829,0,0,0025c210,0025c200,00000000,1,004b8584,001e3508,0
830,830,0,0,0025c210,0025c201,00000000,1,004b8584,001e3509,0
831,831,0,0,0025c210,0025c202,00000000,1,004b8584,001e350a,0
832,832,0,0,0025c210,0025c203,00000000,1,004b8585,001e350a,0
833,833,0,0,0025c210,0025c203,00000000,1,004b8585,001e350b,0
834,834,0,0,0025c210,0025c204,00000000,1,004b8586,001e350b,0
835,835,0,0,0025c210,0025c205,00000000,1,004b8587,001e350b,0
836,836,0,0,0025c210,0025c206,00000000,1,004b8587,001e350c,0
837,837,0,0,0025c210,0025c207,00000000,1,004b8588,001e350c,0
838,838,0,0,0025c210,0025c207,00000000,1,004b8589,001e350c,0
839,839,0,0,0025c210,0025c208,00000000,1,004b858a,001e350c,0
840,840,0,0,0025c210,0025c209,00000000,1,004b858b,001e350c,0
841,841,0,0,0025c210,0025c209,00000000,1,004b858b,001e350d,0
842,842,0,0,0025c210,0025c20a,00000000,1,004b858c,001e350d,0
843,843,0,0,0025c210,0025c20a,00000000,1,004b858d,001e350d,0
844,844,0,0,0025c210,0025c20b,00000000,1,004b858e,001e350d,0
845,845,0,0,0025c210,0025c20c,00000000,1,004b858f,001e350d,0
846,846,0,0,0025c210,0025c20d,00000000,1,004b858f,001e350e,0
847,847,0,0,0025c210,0025c20e,00000000,1,004b8590,001e350e,0
848,848,0,0,0025c210,0025c20e,00000000,1,004b8591,001e350e,0
849,849,0,0,0025c210,0025c20f,00000000,1,004b8592,001e350e,0
850,850,0,0,0025c210,0025c210,00000000,1,004b8593,001e350e,0
851,851,0,0,0025c211,0025c210,00000000,1,004b8594,001e350e,0
852,852,0,0,0025c211,0025c210,00000000,1,004b8595,001e350e,0
853,853,0,0,0025c211,0025c210,00000000,1,004b8596,001e350e,0
854,854,0,0,0025c212,0025c210,00000000,1,004b8597,001e350e,0
855,855,0,0,0025c213,0025c210,00000000,1,004b8598,001e350e,0
856,856,0,0,0025c214,0025c210,00000000,1,004b8599,001e350e,0
857,857,0,0,0025c215,0025c210,00000000,1,004b859a,001e350e,0
858,858,0,0,0025c215,0025c210,00000000,1,004b859b,001e350e,0
859,859,0,0,0025c216,0025c210,00000000,1,004b859c,001e350e,0
860,860,0,0,0025c217,0025c210,00000000,1,004b859d,001e350e,0
861,861,0,0,0025c218,0025c210,00000000,1,004b859e,001e350e,0
862,862,0,0,0025c219,0025c210,00000000,1,004b859f,001e350e,0
863,863,0,0,0025c219,0025c210,00000000,1,004b85a0,001e350e,0
864,864,0,0,0025c219,0025c210,00000000,1,004b85a1,001e350e,0
865,865,0,0,0025c21a,0025c210,00000000,1,004b85a2,001e350e,0
866,866,0,0,0025c21b,0025c210,00000000,1,004b85a3,001e350e,0
867,867,0,0,0025c21c,0025c210,00000000,1,004b85a4,001e350e,0
868,868,0,0,0025c21c,0025c210,00000000,1,004b85a4,001e350f,0
869,869,0,0,0025c21d,0025c210,00000000,1,004b85a4,001e3510,0
870,870,0,0,0025c21e,0025c210,00000000,1,004b85a4,001e3511,0
871,871,0,0,0025c21f,0025c210,00000000,1,004b85a4,001e3512,0
872,872,0,0,0025c220,0025c210,00000000,1,004b85a4,001e3513,0
873,873,0,0,0025c220,0025c210,00000000,1,004b85a4,001e3514,0
874,874,0,0,0025c220,0025c211,00000000,1,004b85a4,001e3515,0
875,875,0,0,0025c220,0025c212,00000000,1,004b85a4,001e3516,0
876,876,0,0,0025c220,0025c212,00000000,1,004b85a4,001e3517,0
877,877,0,0,0025c220,0025c213,00000000,1,004b85a5,001e3517,0
878,878,0,0,0025c220,0025c213,00000000,1,004b85a6,001e3517,0
879,879,0,0,0025c220,0025c214,00000000,1,004b85a7,001e3517,0
880,880,0,0,0025c220,0025c215,00000000,1,004b85a7,001e3518,0
881,881,0,0,0025c220,0025c216,00000000,1,004b85a7,001e3519,0
882,882,0,0,0025c220,0025c217,00000000,1,004b85a8,001e3519,0
883,883,0,0,0025c220,0025c217,00000000,1,004b85a9,001e3519,0
884,884,0,0,0025c220,0025c218,00000000,1,004b85aa,001e3519,0
885,885,0,0,0025c220,0025c219,00000000,1,004b85ab,001e3519,0
886,886,0,0,0025c220,0025c21a,00000000,1,004b85ab,001e351a,0
887,887,0,0,0025c220,0025c21a,00000000,1,004b85ac,001e351a,0
888,888,0,0,0025c220,0025c21a,00000000,1,004b85ad,001e351a,0
889,889,0,0,0025c220,0025c21b,00000000,1,004b85ae,001e351a,0
890,890,0,0,0025c220,0025c21c,00000000,1,004b85af,001e351a,0
891,891,0,0,0025c220,0025c21d,00000000,1,004b85af,001e351b,0
892,892,0,0,0025c220,0025c21e,00000000,1,004b85b0,001e351b,0
893,893,0,0,0025c220,0025c21e,00000000,1,004b85b1,001e351b,0
894,894,0,0,0025c220,0025c21f,00000000,1,004b85b2,001e351b,0
895,895,0,0,0025c220,0025c220,00000000,1,004b85b3,001e351b,0
896,896,0,0,0025c221,0025c220,00000000,1,004b85b4,001e351b,0
897,897,0,0,0025c222,0025c220,00000000,1,004b85b5,001e351b,0
898,898,0,0,0025c222,0025c220,00000000,1,004b85b6,001e351b,0
899,899,0,0,0025c222,0025c220,00000000,1,004b85b7,001e351b,0
900,900,0,0,0025c223,0025c220,00000000,1,004b85b8,001e351b,0
901,901,0,0,0025c224,0025c220,00000000,1,004b85b9,001e351b,0
902,902,0,0,0025c225,0025c220,00000000,1,004b85ba,001e351b,0
903,903,0,0,0025c225,0025c220,00000000,1,004b85bb,001e351b,0
904,904,0,0,0025c226,0025c220,00000000,1,004b85bc,001e351b,0
905,905,0,0,0025c227,0025c220,00000000,1,004b85bd,001e351b,0
906,906,0,0,0025c228,0025c220,00000000,1,004b85be,001e351b,0
907,907,0,0,0025c229,0025c220,00000000,1,004b85bf,001e351b,0
908,908,0,0,0025c229,0025c220,00000000,1,004b85c0,001e351b,0
909,909,0,0,0025c22a,0025c220,00000000,1,004b85c1,001e351b,0
910,910,0,0,0025c22b,0025c220,00000000,1,004b85c2,001e351b,0
911,911,0,0,0025c22b,0025c220,00000000,1,004b85c3,001e351b,0
912,912,0,0,0025c22c,0025c220,00000000,1,004b85c4,001e351b,0
913,913,0,0,0025c22c,0025c220,00000000,1,004b85c4,001e351c,0
914,914,0,0,0025c22d,0025c220,00000000,1,004b85c4,001e351d,0
915,915,0,0,0025c22e,0025c220,00000000,1,004b85c4,001e351e,0
916,916,0,0,0025c22f,0025c220,00000000,1,004b85c4,001e351f,0
917,917,0,0,0025c230,0025c220,00000000,1,004b85c4,001e3520,0
918,918,0,0,0025c230,0025c220,00000000,1,004b85c4,001e3521,0
919,919,0,0,0025c230,0025c221,00000000,1,004b85c4,001e3522,0
920,920,0,0,0025c230,0025c222,00000000,1,004b85c4,001e3523,0
921,921,0,0,0025c230,0025c223,00000000,1,004b85c4,001e3524,0
922,922,0,0,0025c230,0025c223,00000000,1,004b85c5,001e3524,0
923,923,0,0,0025c230,0025c223,00000000,1,004b85c6,001e3524,0
924,924,0,0,0025c230,0025c224,00000000,1,004b85c7,001e3524,0
925,925,0,0,0025c230,0025c225,00000000,1,004b85c8,001e3524,0
926,926,0,0,0025c230,0025c226,00000000,1,004b85c8,001e3525,0
927,927,0,0,0025c230,0025c227,00000000,1,004b85c9,001e3525,0
928,928,0,0,0025c230,0025c227,00000000,1,004b85c9,001e3526,0
929,929,0,0,0025c230,0025c228,00000000,1,004b85ca,001e3526,0
930,930,0,0,0025c230,0025c229,00000000,1,004b85cb,001e3526,0
931,931,0,0,0025c230,0025c22a,00000000,1,004b85cb,001e3527,0
932,932,0,0,0025c230,0025c22b,00000000,1,004b85cc,001e3527,0
933,933,0,0,0025c230,0025c22b,00000000,1,004b85cd,001e3527,0
934,934,0,0,0025c230,0025c22b,00000000,1,004b85ce,001e3527,0
935,935,0,0,0025c230,0025c22c,00000000,1,004b85cf,001e3527,0
936,936,0,0,0025c230,0025c22d,00000000,1,004b85cf,001e3528,0
937,937,0,0,0025c230,0025c22e,00000000,1,004b85d0,001e3528,0
938,938,0,0,0025c230,0025c22e,00000000,1,004b85d1,001e3528,0
939,939,0,0,0025c230,0025c22f,00000000,1,004b85d2,001e3528,0
940,940,0,0,0025c230,0025c230,00000000,1,004b85d3,001e3528,0
941,941,0,0,0025c231,0025c230,00000000,1,004b85d4,001e3528,0
942,942,0,0,0025c232,0025c230,00000000,1,004b85d5,001e3528,0
943,943,0,0,0025c232,0025c230,00000000,1,004b85d6,001e3528,0
944,944,0,0,0025c233,0025c230,00000000,1,004b85d7,001e3528,0
945,945,0,0,0025c234,0025c230,00000000,1,004b85d8,001e3528,0
946,946,0,0,0025c234,0025c230,00000000,1,004b85d9,001e3528,0
947,947,0,0,0025c235,0025c230,00000000,1,004b85da,001e3528,0
948,948,0,0,0025c235,0025c230,00000000,1,004b85db,001e3528,0
949,949,0,0,0025c236,0025c230,00000000,1,004b85dc,001e3528,0
950,950,0,0,0025c237,0025c230,00000000,1,004b85dd,001e3528,0
951,951,0,0,0025c238,0025c230,00000000,1,004b85de,001e3528,0
952,952,0,0,0025c239,0025c230,00000000,1,004b85df,001e3528,0
953,953,0,0,0025c239,0025c230,00000000,1,004b85e0,001e3528,0
954,954,0,0,0025c23a,0025c230,00000000,1,004b85e1,001e3528,0
955,955,0,0,0025c23b,0025c230,00000000,1,004b85e2,001e3528,0
956,956,0,0,0025c23c,0025c230,00000000,1,004b85e3,001e3528,0
957,957,0,0,0025c23c,0025c230,00000000,1,004b85e4,001e3528,0
958,958,0,0,0025c23c,0025c230,00000000,1,004b85e4,001e3529,0
959,959,0,0,0025c23d,0025c230,00000000,1,004b85e4,001e352a,0
960,960,0,0,0025c23e,0025c230,00000000,1,004b85e4,001e352b,0
961,961,0,0,0025c23f,0025c230,00000000,1,004b85e4,001e352c,0
962,962,0,0,0025c240,0025c230,00000000,1,004b85e4,001e352d,0
963,963,0,0,0025c240,0025c230,00000000,1,004b85e4,001e352e,0
964,964,0,0,0025c240,0025c231,00000000,1,004b85e4,001e352f,0
965,965,0,0,0025c240,0025c232,00000000,1,004b85e4,001e3530,0
966,966,0,0,0025c240,0025c233,00000000,1,004b85e4,001e3531,0
967,967,0,0,0025c240,0025c234,00000000,1,004b85e5,001e3531,0
968,968,0,0,0025c240,0025c234,00000000,1,004b85e6,001e3531,0
969,969,0,0,0025c240,0025c234,00000000,1,004b85e7,001e3531,0
970,970,0,0,0025c240,0025c235,00000000,1,004b85e8,001e3531,0
971,971,0,0,0025c240,0025c236,00000000,1,004b85e8,001e3532,0
972,972,0,0,0025c240,0025c237,00000000,1,004b85e9,001e3532,0
973,973,0,0,0025c240,0025c237,00000000,1,004b85e9,001e3533,0
974,974,0,0,0025c240,0025c238,00000000,1,004b85ea,001e3533,0
975,975,0,0,0025c240,0025c239,00000000,1,004b85eb,001e3533,0
976,976,0,0,0025c240,0025c23a,00000000,1,004b85eb,001e3534,0
977,977,0,0,0025c240,0025c23b,00000000,1,004b85ec,001e3534,0
978,978,0,0,0025c240,0025c23b,00000000,1,004b85ed,001e3534,0
979,979,0,0,0025c240,0025c23c,00000000,1,004b85ee,001e3534,0
980,980,0,0,0025c240,0025c23d,00000000,1,004b85ef,001e3534,0
981,981,0,0,0025c240,0025c23d,00000000,1,004b85ef,001e3535,0
982,982,0,0,0025c240,0025c23e,00000000,1,004b85f0,001e3535,0
983,983,0,0,0025c240,0025c23e,00000000,1,004b85f1,001e3535,0
984,984,0,0,0025c240,0025c23f,00000000,1,004b85f2,001e3535,0
985,985,0,0,0025c240,0025c240,00000000,1,004b85f3,001e3535,0
986,986,0,0,0025c241,0025c240,00000000,1,004b85f4,001e3535,0
987,987,0,0,0025c242,0025c240,00000000,1,004b85f5,001e3535,0
988,988,0,0,0025c242,0025c240,00000000,1,004b85f6,001e3535,0
989,989,0,0,0025c243,0025c240,00000000,1,004b85f7,001e3535,0
990,990,0,0,0025c244,0025c240,00000000,1,004b85f8,001e3535,0
991,991,0,0,0025c245,0025c240,00000000,1,004b85f9,001e3535,0
992,992,0,0,0025c245,0025c240,00000000,1,004b85fa,001e3535,0
993,993,0,0,0025c245,0025c240,00000000,1,004b85fb,001e3535,0
994,994,0,0,0025c246,0025c240,00000000,1,004b85fc,001e3535,0
995,995,0,0,0025c247,0025c240,00000000,1,004b85fd,001e3535,0
996,996,0,0,0025c248,0025c240,00000000,1,004b85fe,001e3535,0
997,997,0,0,0025c249,0025c240,00000000,1,004b85ff,001e3535,0
998,998,0,0,0025c249,0025c240,00000000,1,004b8600,001e3535,0
999,999,0,0,0025c24a,0025c240,00000000,1,004b8601,001e3535,0
1000,1000,0,0,0025c24b,0025c240,00000000,1,004b8602,001e3535,0
1001,1001,0,0,0025c24c,0025c240,00000000,1,004b8603,001e3535,0
1002,1002,0,0,0025c24d,0025c240,00000000,1,004b8604,001e3535,0
1003,1003,0,0,0025c24d,0025c240,00000000,1,004b8604,001e3536,0
1004,1004,0,0,0025c24d,0025c240,00000000,1,004b8604,001e3537,0
1005,1005,0,0,0025c24e,0025c240,00000000,1,004b8604,001e3538,0
1006,1006,0,0,0025c24f,0025c240,00000000,1,004b8604,001e3539,0
1007,1007,0,0,0025c250,0025c240,00000000,1,004b8604,001e353a,0
1008,1008,0,0,0025c250,0025c240,00000000,1,004b8604,001e353b,0
1009,1009,0,0,0025c250,0025c241,00000000,1,004b8604,001e353c,0
1010,1010,0,0,0025c250,0025c242,00000000,1,004b8604,001e353d,0
1011,1011,0,0,0025c250,0025c243,00000000,1,004b8604,001e353e,0
1012,1012,0,0,0025c250,0025c244,00000000,1,004b8605,001e353e,0
1013,1013,0,0,0025c250,0025c244,00000000,1,004b8606,001e353e,0
1014,1014,0,0,0025c250,0025c245,00000000,1,004b8607,001e353e,0
1015,1015,0,0,0025c250,0025c246,00000000,1,004b8608,001e353e,0
1016,1016,0,0,0025c250,0025c246,00000000,1,004b8608,001e353f,0
1017,1017,0,0,0025c250,0025c247,00000000,1,004b8609,001e353f,0
1018,1018,0,0,0025c250,0025c247,00000000,1,004b860a,001e353f,0
1019,1019,0,0,0025c250,0025c248,00000000,1,004b860b,001e353f,0
1020,1020,0,0,0025c250,0025c249,00000000,1,004b860c,001e353f,0
1021,1021,0,0,0025c250,0025c24a,00000000,1,004b860c,001e3540,0
1022,1022,0,0,0025c250,0025c24b,00000000,1,004b860d,001e3540,0
1023,1023,0,0,0025c250,0025c24b,00000000,1,004b860e,001e3540,0
